City_ID,City,Country,Date,Lat,Lng,Max Temp,Humidity,Cloudiness,Wind Speed
0,Port Alfred,ZA,2022-09-12 19:40:14,-33.5906,26.891,57.11,68,0,13.56
1,Yellowknife,CA,2022-09-12 19:40:14,62.456,-114.3525,50.56,57,40,4.61
2,Ponta Do Sol,PT,2022-09-12 19:40:15,32.6667,-17.1,76.01,78,88,12.1
3,Atuona,PF,2022-09-12 19:40:15,-9.8,-139.0333,76.57,77,19,19.64
4,Xichang,CN,2022-09-12 19:40:16,27.8964,102.2634,60.78,91,48,0.83
5,Narsaq,GL,2022-09-12 19:40:16,60.9167,-46.05,50.22,73,100,3.18
6,Bethel,US,2022-09-12 19:40:16,41.3712,-73.414,81.37,70,20,3.44
7,Yarim,YE,2022-09-12 19:40:17,14.298,44.3779,61.72,57,70,2.3
8,Mataura,NZ,2022-09-12 19:40:17,-46.1927,168.8643,40.44,97,100,2.13
9,Victoria,HK,2022-09-12 19:35:32,22.2855,114.1577,86.38,70,0,1.99
10,Sabang,ID,2022-09-12 19:40:18,5.8933,95.3214,81.77,74,68,10.25
11,Saint-Pierre,RE,2022-09-12 19:40:18,-21.3393,55.4781,67.68,68,75,5.75
12,Haines Junction,CA,2022-09-12 19:40:19,60.7522,-137.5108,49.95,57,59,2.3
13,Tucurui,BR,2022-09-12 19:40:19,-3.7661,-49.6725,86.63,51,94,5.21
14,Ouallam,NE,2022-09-12 19:40:19,14.3188,2.0866,86.74,53,58,8.39
15,Arraial Do Cabo,BR,2022-09-12 19:40:20,-22.9661,-42.0278,69.76,78,100,13.8
16,Tucumcari,US,2022-09-12 19:40:20,35.1717,-103.725,82.24,42,0,6.91
17,New Norfolk,AU,2022-09-12 19:40:20,-42.7826,147.0587,40.5,85,29,2.95
18,High Level,CA,2022-09-12 19:40:21,58.5169,-117.136,60.91,44,75,6.91
19,Jamestown,US,2022-09-12 19:40:21,42.097,-79.2353,76.05,53,40,3.44
20,Sur,OM,2022-09-12 19:40:22,22.5667,59.5289,85.37,66,40,11.52
21,Laela,TZ,2022-09-12 19:40:22,-8.5667,32.05,70.66,46,77,0.94
22,Bluff,NZ,2022-09-12 19:40:23,-46.6,168.3333,45.23,74,100,17.22
23,Katsuura,JP,2022-09-12 19:40:23,35.1333,140.3,76.93,90,98,11.39
24,Punta Arenas,CL,2022-09-12 19:40:24,-53.15,-70.9167,48.31,46,0,16.11
25,Pervomayskoye,RU,2022-09-12 19:40:24,43.919,46.7102,70.97,70,0,21.3
26,Torbay,CA,2022-09-12 19:35:36,47.6666,-52.7314,61.75,98,100,11.5
27,Sao Joao Da Barra,BR,2022-09-12 19:40:25,-21.6403,-41.0511,73.49,78,38,13.62
28,Busselton,AU,2022-09-12 19:35:29,-33.65,115.3333,56.98,79,42,21.52
29,Souillac,MU,2022-09-12 19:40:25,-20.5167,57.5167,70.18,78,40,9.22
30,Ostrovnoy,RU,2022-09-12 19:40:26,68.0531,39.5131,46.4,93,96,8.16
31,Khani,GE,2022-09-12 19:40:26,41.9563,42.9566,60.37,63,9,3.13
32,Athabasca,CA,2022-09-12 19:40:27,54.7169,-113.2854,63.01,23,12,5.64
33,Hilo,US,2022-09-12 19:40:10,19.7297,-155.09,82.27,71,0,5.99
34,Rikitea,PF,2022-09-12 19:38:12,-23.1203,-134.9692,72.75,69,76,2.93
35,Michigan City,US,2022-09-12 19:40:27,41.7075,-86.895,59.22,96,100,5.75
36,Hamilton,US,2022-09-12 19:37:21,39.1834,-84.5333,74.73,53,75,12.66
37,Landshut,DE,2022-09-12 19:40:28,48.5333,12.15,60.93,87,52,4.27
38,Thompson,CA,2022-09-12 19:40:28,55.7435,-97.8558,55.56,58,75,9.22
39,Cidreira,BR,2022-09-12 19:40:29,-30.1811,-50.2056,60.64,87,64,12.12
40,Hami,CN,2022-09-12 19:40:29,42.8,93.45,71.17,33,95,10.87
41,Port Elizabeth,ZA,2022-09-12 19:40:29,-33.918,25.5701,57.49,62,20,16.11
42,Ippy,CF,2022-09-12 19:40:30,6.2679,21.2247,67.53,98,100,2.66
43,Lompoc,US,2022-09-12 19:40:30,34.6391,-120.4579,87.94,68,0,12.66
44,Kodiak,US,2022-09-12 19:40:31,57.79,-152.4072,56.71,82,40,8.05
45,Seoul,KR,2022-09-12 19:39:27,37.5683,126.9778,71.04,97,75,3.44
46,Toora-Khem,RU,2022-09-12 19:41:31,52.4675,96.11,41.68,96,97,1.92
47,Hermanus,ZA,2022-09-12 19:41:31,-34.4187,19.2345,47.8,70,2,1.43
48,Fortuna,US,2022-09-12 19:41:32,40.5982,-124.1573,71.91,65,20,12.66
49,Umm Lajj,SA,2022-09-12 19:41:32,25.0213,37.2685,90.39,42,8,6.89
50,Provideniya,RU,2022-09-12 19:41:33,64.3833,-173.3,46.33,93,100,6.44
51,Fredericksburg,US,2022-09-12 19:39:07,38.3032,-77.4605,89.87,69,75,8.05
52,Russell,US,2022-09-12 19:41:33,32.3502,-85.1999,84.38,70,0,3.44
53,Lorengau,PG,2022-09-12 19:41:33,-2.0226,147.2712,80.87,71,48,10.58
54,Kahului,US,2022-09-12 19:41:34,20.8947,-156.47,86.02,67,20,18.41
55,Gat,IL,2022-09-12 19:41:08,31.61,34.7642,78.08,100,0,0.13
56,Torbat-E Jam,IR,2022-09-12 19:41:34,35.244,60.6225,58.68,20,0,9.62
57,Coquimbo,CL,2022-09-12 19:40:06,-29.9533,-71.3436,60.53,58,0,11.5
58,Omsukchan,RU,2022-09-12 19:41:35,62.5333,155.8,36.39,98,100,4.47
59,Rio Casca,BR,2022-09-12 19:41:35,-20.2261,-42.6508,84.51,41,8,10.16
60,Hithadhoo,MV,2022-09-12 19:41:36,-0.6,73.0833,81.95,71,0,9.66
61,Vaini,TO,2022-09-12 19:41:36,-21.2,-175.2,69.96,94,20,3.44
62,Iqaluit,CA,2022-09-12 19:41:36,63.7506,-68.5145,46.13,81,75,15.01
63,Qaanaaq,GL,2022-09-12 19:41:36,77.484,-69.3632,38.44,93,100,3.6
64,Belle Fourche,US,2022-09-12 19:38:38,44.6714,-103.8522,86.05,19,3,12.8
65,Albany,US,2022-09-12 19:39:57,42.6001,-73.9662,78.24,76,71,2.51
66,Rantauprapat,ID,2022-09-12 19:41:37,2.1,99.8333,72.0,97,61,2.26
67,East London,ZA,2022-09-12 19:41:37,-33.0153,27.9116,58.78,61,21,11.56
68,Robertsport,LR,2022-09-12 19:41:38,6.7533,-11.3686,77.74,84,10,11.48
69,Erdemli,TR,2022-09-12 19:41:38,36.605,34.3084,79.36,80,18,4.25
70,Poronaysk,RU,2022-09-12 19:41:39,49.2167,143.1167,54.97,93,90,3.62
71,Cape Town,ZA,2022-09-12 19:41:39,-33.9258,18.4232,56.26,68,0,13.8
72,Butwal,NP,2022-09-12 19:41:39,27.7006,83.4484,76.03,88,100,7.16
73,Binga,ZW,2022-09-12 19:41:40,-17.6203,27.3414,73.24,33,0,2.42
74,Veshenskaya,RU,2022-09-12 19:41:40,49.6303,41.7334,57.47,53,100,16.33
75,Bredasdorp,ZA,2022-09-12 19:41:40,-34.5322,20.0403,48.09,78,0,6.02
76,Mawlaik,MM,2022-09-12 19:41:41,23.6333,94.4167,74.55,100,100,0.98
77,Hobart,AU,2022-09-12 19:41:41,-42.8794,147.3294,40.86,82,100,8.05
78,Ust-Maya,RU,2022-09-12 19:41:41,60.4167,134.5333,32.59,82,37,3.29
79,Lebu,CL,2022-09-12 19:41:42,-37.6167,-73.65,53.28,67,100,8.14
80,Port Lincoln,AU,2022-09-12 19:41:42,-34.7333,135.8667,53.01,82,49,14.65
81,Sorong,ID,2022-09-12 19:41:42,-0.8833,131.25,77.92,86,100,9.13
82,College,US,2022-09-12 19:41:43,64.8569,-147.8028,55.29,70,75,4.61
83,Cockburn Town,TC,2022-09-12 19:41:43,21.4612,-71.1419,83.59,74,13,10.2
84,Butaritari,KI,2022-09-12 19:41:43,3.0707,172.7902,82.18,71,9,7.61
85,Kutum,SD,2022-09-12 19:41:44,14.2,24.6667,83.16,33,93,4.45
86,Medeiros Neto,BR,2022-09-12 19:41:44,-17.3739,-40.2206,81.03,45,7,12.73
87,Namatanai,PG,2022-09-12 19:41:44,-3.6667,152.4333,77.16,77,11,8.99
88,Ushuaia,AR,2022-09-12 19:39:16,-54.8,-68.3,49.62,53,75,2.3
89,Kaitangata,NZ,2022-09-12 19:42:45,-46.2817,169.8464,41.54,90,100,5.17
90,Fairbanks,US,2022-09-12 19:40:02,64.8378,-147.7164,55.31,70,100,4.61
91,Cabo San Lucas,MX,2022-09-12 19:39:32,22.8909,-109.9124,90.7,58,0,9.22
92,Longyearbyen,SJ,2022-09-12 19:42:28,78.2186,15.6401,31.84,80,75,17.27
93,Mandeville,JM,2022-09-12 19:42:45,18.0417,-77.5071,78.82,74,89,4.03
94,Plettenberg Bay,ZA,2022-09-12 19:42:46,-34.0527,23.3716,51.66,78,0,7.36
95,Port Blair,IN,2022-09-12 19:42:46,11.6667,92.75,80.87,81,100,5.75
96,Yar-Sale,RU,2022-09-12 19:42:46,66.8333,70.8333,45.59,87,100,17.6
97,Leningradskiy,RU,2022-09-12 19:42:47,69.3833,178.4167,37.74,80,100,5.84
98,Ler,SS,2022-09-12 19:42:47,8.3018,30.1418,72.55,96,90,4.27
99,Salta,AR,2022-09-12 19:42:47,-24.7859,-65.4117,74.57,22,0,10.36
100,Kultuk,RU,2022-09-12 19:42:48,51.7208,103.6956,50.13,85,100,4.7
101,Mastic Beach,US,2022-09-12 19:42:48,40.7668,-72.8521,81.99,80,100,5.75
102,Isangel,VU,2022-09-12 19:42:48,-19.55,169.2667,76.42,78,29,8.68
103,Chunoyar,RU,2022-09-12 19:42:49,57.4467,97.3217,42.17,95,100,14.03
104,Taoudenni,ML,2022-09-12 19:42:49,22.6783,-3.9836,101.97,12,16,1.88
105,Omboue,GA,2022-09-12 19:42:50,-1.5746,9.2618,75.11,82,32,9.37
106,Qaqortoq,GL,2022-09-12 19:42:50,60.7167,-46.0333,46.15,87,100,5.08
107,Niteroi,BR,2022-09-12 19:42:50,-22.8833,-43.1036,72.61,76,100,11.5
108,Korla,CN,2022-09-12 19:42:51,41.7597,86.1469,73.98,28,6,19.04
109,Bintulu,MY,2022-09-12 19:42:51,3.1667,113.0333,75.61,94,40,3.44
110,Oksfjord,NO,2022-09-12 19:42:51,70.2396,22.3479,42.98,75,90,5.68
111,Hobyo,SO,2022-09-12 19:42:52,5.3505,48.5268,76.62,88,91,25.79
112,Te Anau,NZ,2022-09-12 19:42:52,-45.4167,167.7167,39.07,95,100,3.36
113,Severo-Kurilsk,RU,2022-09-12 19:42:52,50.6789,156.125,54.59,71,100,3.29
114,Reoti,IN,2022-09-12 19:42:53,25.85,84.3833,77.45,89,100,12.62
115,Nikolskoye,RU,2022-09-12 19:42:53,59.7035,30.7861,53.49,75,93,3.62
116,Ballina,AU,2022-09-12 19:42:53,-28.8667,153.5667,56.79,87,26,10.51
117,Luganville,VU,2022-09-12 19:42:53,-15.5333,167.1667,79.07,75,16,9.95
118,Ardon,RU,2022-09-12 19:42:54,43.17,44.29,61.79,62,0,2.28
119,Kapaa,US,2022-09-12 19:42:54,22.0752,-159.319,82.09,77,40,12.66
120,Tuktoyaktuk,CA,2022-09-12 19:42:55,69.4541,-133.0374,41.0,87,100,10.36
121,Gizo,SB,2022-09-12 19:42:55,-8.103,156.8419,80.91,72,6,6.02
122,Altay,CN,2022-09-12 19:42:55,47.8667,88.1167,47.3,43,65,3.36
123,Bonavista,CA,2022-09-12 19:42:55,48.6499,-53.1147,57.94,99,100,15.23
124,Huarmey,PE,2022-09-12 19:42:56,-10.0681,-78.1522,65.88,71,20,12.68
125,Cherskiy,RU,2022-09-12 19:42:56,68.75,161.3,39.07,91,100,6.73
126,Asau,RO,2022-09-12 19:42:56,46.4333,26.4,51.28,87,67,2.1
127,Luderitz,NA,2022-09-12 19:42:57,-26.6481,15.1594,66.2,31,14,19.24
128,Vaitape,PF,2022-09-12 19:42:57,-16.5167,-151.75,77.27,78,59,18.32
129,Yeysk,RU,2022-09-12 19:42:57,46.6989,38.2792,63.72,90,100,10.76
130,Saint George,US,2022-09-12 19:41:37,37.1041,-113.5841,88.63,38,20,5.99
131,Tecoanapa,MX,2022-09-12 19:42:58,16.5167,-98.75,81.37,80,99,7.47
132,Bubaque,GW,2022-09-12 19:42:58,11.2833,-15.8333,80.82,79,85,17.25
133,Paka,MY,2022-09-12 19:42:58,4.6374,103.4368,75.13,100,88,0.0
134,Nong Kung Si,TH,2022-09-12 19:42:59,16.65,103.3,78.82,99,10,2.53
135,Tarko-Sale,RU,2022-09-12 19:42:59,64.9225,77.785,41.9,87,100,9.06
136,Lola,GN,2022-09-12 19:43:59,7.8,-8.5333,72.63,89,100,2.62
137,Puerto Ayora,EC,2022-09-12 19:44:00,-0.7393,-90.3518,76.96,93,85,5.99
138,Davila,PH,2022-09-12 19:44:00,18.4726,120.5763,79.56,83,42,12.48
139,Alofi,NU,2022-09-12 19:44:00,-19.0595,-169.9187,73.29,94,40,5.75
140,Sao Filipe,CV,2022-09-12 19:44:00,14.8961,-24.4956,79.84,78,25,15.77
141,Acapulco,MX,2022-09-12 19:44:01,16.8634,-99.8901,81.45,82,100,6.78
142,Srednekolymsk,RU,2022-09-12 19:44:01,67.45,153.6833,37.13,98,100,6.89
143,Macas,EC,2022-09-12 19:41:33,-2.3167,-78.1167,87.55,42,20,8.05
144,Magalia,US,2022-09-12 19:44:02,39.8121,-121.5783,82.11,35,93,1.99
145,Esna,EG,2022-09-12 19:44:02,25.2934,32.554,87.82,23,0,10.69
146,Pale,BA,2022-09-12 19:44:03,43.8161,18.5694,51.55,87,0,2.3
147,Jutai,BR,2022-09-12 19:44:03,-5.1833,-68.9,90.75,47,91,3.69
148,Ribeira Grande,PT,2022-09-12 19:44:03,38.5167,-28.7,72.0,94,75,3.44
149,Calatrava,PH,2022-09-12 19:44:04,10.595,123.4838,79.77,78,81,5.41
150,Mitsamiouli,KM,2022-09-12 19:44:04,-11.3847,43.2844,75.94,72,52,2.57
151,Tiksi,RU,2022-09-12 19:44:05,71.6872,128.8694,32.41,83,37,4.0
152,Tartagal,AR,2022-09-12 19:44:05,-22.5164,-63.8013,80.08,18,6,5.61
153,Flin Flon,CA,2022-09-12 19:44:06,54.7682,-101.865,62.44,36,20,17.27
154,Camacha,PT,2022-09-12 19:44:06,33.0833,-16.3333,71.02,78,40,14.97
155,Lokosovo,RU,2022-09-12 19:44:06,61.1333,74.8167,42.28,76,95,8.19
156,Guerrero Negro,MX,2022-09-12 19:44:07,27.9769,-114.0611,80.02,62,0,11.07
157,Tasiilaq,GL,2022-09-12 19:44:07,65.6145,-37.6368,59.16,54,0,7.23
158,Sola,VU,2022-09-12 19:44:07,-13.8833,167.55,79.16,78,22,18.77
159,Lianran,CN,2022-09-12 19:44:08,24.9227,102.485,59.54,93,99,1.72
160,Wetaskiwin,CA,2022-09-12 19:44:08,52.9668,-113.3687,66.67,30,100,8.55
161,Sorland,NO,2022-09-12 19:44:08,67.667,12.6934,51.66,81,100,15.77
162,Carnarvon,AU,2022-09-12 19:44:10,-24.8667,113.6333,68.52,75,1,17.72
163,Honningsvag,NO,2022-09-12 19:44:10,70.9821,25.9704,38.95,75,100,3.44
164,Machiques,VE,2022-09-12 19:44:10,10.0644,-72.545,86.65,71,100,7.31
165,Nanortalik,GL,2022-09-12 19:44:11,60.1432,-45.2371,44.1,91,28,10.2
166,Olafsvik,IS,2022-09-12 19:44:11,64.8945,-23.7142,49.89,88,100,14.32
167,Karlskrona,SE,2022-09-12 19:44:12,56.1616,15.5866,55.85,86,100,8.1
168,Lyubytino,RU,2022-09-12 19:44:12,58.8122,33.3922,48.25,85,98,4.16
169,Luwuk,ID,2022-09-12 19:44:12,-0.9516,122.7875,75.51,90,13,4.18
170,Airai,TL,2022-09-12 19:44:13,-8.9266,125.4092,57.06,68,95,2.77
171,Juarez,MX,2022-09-12 19:44:13,31.7333,-106.4833,88.29,39,20,5.01
172,Cam Ranh,VN,2022-09-12 19:44:13,11.9214,109.1591,75.16,88,20,3.44
173,Elbrus,RU,2022-09-12 19:44:14,43.2577,42.6443,52.79,73,9,7.87
174,Coahuayana,MX,2022-09-12 19:44:14,18.7333,-103.6833,81.97,82,100,5.12
175,Avarua,CK,2022-09-12 19:44:15,-21.2078,-159.775,77.05,73,75,14.97
176,Alice Springs,AU,2022-09-12 19:39:35,-23.7,133.8833,57.22,26,6,5.75
177,Tocopilla,CL,2022-09-12 19:41:53,-22.092,-70.1979,62.29,70,30,11.83
178,Georgetown,MY,2022-09-12 19:39:38,5.4112,100.3354,80.53,91,20,2.3
179,Puqi,CN,2022-09-12 19:44:15,29.7167,113.8833,70.11,70,4,1.63
180,Skjervoy,NO,2022-09-12 19:44:16,70.0311,20.9714,37.4,66,44,10.56
181,Taltal,CL,2022-09-12 19:45:16,-25.4,-70.4833,60.12,67,9,7.96
182,Conde,BR,2022-09-12 19:45:17,-7.2597,-34.9075,80.06,65,20,19.57
183,Boa Vista,BR,2022-09-12 19:43:04,2.8197,-60.6733,89.58,62,40,3.44
184,Nalut,LY,2022-09-12 19:45:17,30.3333,10.85,89.56,18,5,4.5
185,Sechura,PE,2022-09-12 19:45:17,-5.5569,-80.8222,75.56,54,49,17.47
186,Tilhar,IN,2022-09-12 19:45:18,27.9833,79.7333,78.58,83,6,11.21
187,Matay,EG,2022-09-12 19:45:18,28.419,30.7792,86.41,34,0,9.37
188,Yendi,GH,2022-09-12 19:45:18,9.4427,-0.0099,71.26,97,100,3.51
189,Aklavik,CA,2022-09-12 19:45:19,68.2191,-135.0107,42.8,100,75,2.3
190,Tatawin,TN,2022-09-12 19:45:19,32.9297,10.4518,80.2,57,0,9.69
191,Bathsheba,BB,2022-09-12 19:45:20,13.2167,-59.5167,90.21,70,75,13.8
192,Laguna,US,2022-09-12 19:45:20,38.421,-121.4238,88.14,41,0,4.61
193,Ventanas,EC,2022-09-12 19:45:20,-1.45,-79.4667,92.91,41,55,2.53
194,Charters Towers,AU,2022-09-12 19:45:21,-20.1,146.2667,62.02,84,0,6.04
195,Jaque,PA,2022-09-12 19:45:21,7.5175,-78.1703,80.44,80,83,4.61
196,Los Llanos De Aridane,ES,2022-09-12 19:45:21,28.6585,-17.9182,73.15,89,40,3.0
197,Tura,IN,2022-09-12 19:45:22,25.5198,90.2201,72.25,99,100,5.19
198,Spirovo,RU,2022-09-12 19:45:22,57.419,34.9766,46.51,84,98,5.35
199,Waounde,SN,2022-09-12 19:45:23,15.2637,-12.8682,85.28,70,38,8.5
200,Rupert,US,2022-09-12 19:45:23,42.6191,-113.6772,80.55,22,0,4.61
201,Padang,ID,2022-09-12 19:45:23,-0.9492,100.3543,76.69,88,100,2.51
202,Vao,NC,2022-09-12 19:45:24,-22.6667,167.4833,73.94,80,100,12.64
203,Barrow,US,2022-09-12 19:45:24,71.2906,-156.7887,35.62,93,100,21.85
204,Tual,ID,2022-09-12 19:45:25,-5.6667,132.75,81.34,82,99,14.47
205,Mahenge,TZ,2022-09-12 19:45:25,-8.6833,36.7167,63.5,63,25,2.53
206,Hofn,IS,2022-09-12 19:45:25,64.2539,-15.2082,51.82,87,100,0.0
207,Maniitsoq,GL,2022-09-12 19:45:26,65.4167,-52.9,41.76,96,100,19.15
208,Mahibadhoo,MV,2022-09-12 19:45:26,3.7833,72.9667,81.09,77,38,9.01
209,Skibbereen,IE,2022-09-12 19:45:26,51.55,-9.2667,68.11,93,99,11.43
210,Bambous Virieux,MU,2022-09-12 19:45:27,-20.3428,57.7575,70.21,78,40,9.22
211,Puerto Leguizamo,CO,2022-09-12 19:45:27,-0.1934,-74.7819,95.52,36,14,0.27
212,Eenhana,NA,2022-09-12 19:45:27,-17.4667,16.3333,70.99,14,2,4.83
213,Vestmanna,FO,2022-09-12 19:45:28,62.1564,-7.1664,49.12,100,100,20.71
214,Grajau,BR,2022-09-12 19:45:28,-5.8194,-46.1386,97.68,23,90,4.32
215,Lerwick,GB,2022-09-12 19:45:29,60.1545,-1.1494,53.6,81,53,18.01
216,Barentu,ER,2022-09-12 19:45:29,15.1139,37.5928,69.39,80,100,5.79
217,Arlit,NE,2022-09-12 19:45:30,18.7369,7.3853,98.29,8,0,7.78
218,Kama,RU,2022-09-12 19:45:30,56.3051,54.0936,43.7,88,7,0.51
219,Finote Selam,ET,2022-09-12 19:45:30,10.7,37.2667,57.47,94,96,3.56
220,Senneterre,CA,2022-09-12 19:45:31,48.3835,-77.2328,70.61,70,100,3.31
221,Henties Bay,NA,2022-09-12 19:45:31,-22.116,14.2845,55.13,86,0,2.51
222,Moyale,KE,2022-09-12 19:45:31,3.5167,39.0584,72.41,47,100,6.53
223,Ipanema,BR,2022-09-12 19:45:32,-30.1391,-51.2244,67.37,76,75,2.3
224,Kharp,RU,2022-09-12 19:45:32,66.8014,65.8081,44.38,94,100,9.91
225,Calama,CL,2022-09-12 19:43:33,-22.4667,-68.9333,70.29,12,0,27.63
226,Lake Havasu City,US,2022-09-12 19:46:33,34.4839,-114.3224,94.46,44,0,3.44
227,Sisimiut,GL,2022-09-12 19:46:33,66.9395,-53.6735,44.2,90,100,12.84
228,Altos,BR,2022-09-12 19:46:33,-5.0381,-42.46,95.31,18,62,3.96
229,Puerto Del Rosario,ES,2022-09-12 19:46:34,28.5004,-13.8627,80.35,69,75,10.36
230,Prince Rupert,CA,2022-09-12 19:46:34,54.3161,-130.3201,59.09,80,0,5.75
231,Bethanien,NA,2022-09-12 19:46:34,-26.502,17.1583,59.25,12,5,8.08
232,Polunochnoye,RU,2022-09-12 19:46:35,60.8697,60.4153,42.49,77,55,6.13
233,Poum,NC,2022-09-12 19:46:35,-20.2333,164.0167,76.66,79,100,15.93
234,Chuy,UY,2022-09-12 19:46:36,-33.6971,-53.4616,58.39,81,75,8.63
235,Saint-Philippe,RE,2022-09-12 19:46:36,-21.3585,55.7679,67.59,76,62,9.55
236,Salto Del Guaira,PY,2022-09-12 19:46:36,-24.0625,-54.3069,68.88,90,98,8.03
237,Vila Franca Do Campo,PT,2022-09-12 19:46:37,37.7167,-25.4333,76.19,83,53,11.32
238,Dikson,RU,2022-09-12 19:46:37,73.5069,80.5464,38.82,65,100,20.71
239,Kavieng,PG,2022-09-12 19:46:38,-2.5744,150.7967,80.74,73,98,12.46
240,Sinnamary,GF,2022-09-12 19:46:38,5.3833,-52.95,83.34,69,42,8.55
241,Togur,RU,2022-09-12 19:46:38,58.3631,82.8265,35.98,85,51,5.44
242,Talnakh,RU,2022-09-12 19:46:38,69.4865,88.3972,34.21,95,100,4.21
243,Keetmanshoop,NA,2022-09-12 19:46:39,-26.5833,18.1333,61.38,15,5,12.57
244,Akyab,MM,2022-09-12 19:46:40,20.15,92.9,77.47,90,100,2.19
245,Mahebourg,MU,2022-09-12 19:46:40,-20.4081,57.7,70.25,78,40,9.22
246,Ayan,RU,2022-09-12 19:46:41,56.45,138.1667,46.92,63,38,6.62
247,Teguldet,RU,2022-09-12 19:46:41,57.3064,88.1667,39.09,85,99,6.13
248,Dawei,MM,2022-09-12 19:46:41,14.0833,98.2,74.77,92,100,4.23
249,Saint-Augustin,CA,2022-09-12 19:46:42,51.226,-58.6502,69.4,56,0,8.9
250,Keflavik,IS,2022-09-12 19:46:42,64.0049,-22.5624,49.91,87,100,14.97
251,Praia Da Vitoria,PT,2022-09-12 19:46:43,38.7333,-27.0667,74.75,88,40,12.5
252,Eureka,US,2022-09-12 19:44:54,40.8021,-124.1637,77.67,76,69,4.0
253,Bulaevo,KZ,2022-09-12 19:46:43,54.9056,70.4439,43.48,64,47,1.77
254,Daud Khel,PK,2022-09-12 19:46:44,32.875,71.5701,89.71,51,0,3.83
255,Codrington,AU,2022-09-12 19:46:44,-38.2667,141.9667,44.47,71,98,1.23
256,Dedovichi,RU,2022-09-12 19:46:44,57.5517,29.9502,47.48,92,100,4.05
257,Xining,CN,2022-09-12 19:46:45,36.6167,101.7667,51.91,76,61,1.43
258,Nanchang,CN,2022-09-12 19:46:45,28.6833,115.8833,72.25,67,0,7.07
259,Xiongyue,CN,2022-09-12 19:46:45,40.1774,122.1228,66.85,86,0,3.2
260,Chokurdakh,RU,2022-09-12 19:46:46,70.6333,147.9167,38.86,93,100,9.17
261,Balabac,PH,2022-09-12 19:46:46,7.9868,117.0645,80.89,78,6,5.26
262,Coihueco,CL,2022-09-12 19:46:46,-36.6167,-71.8333,59.74,51,75,3.44
263,Villa Juarez,MX,2022-09-12 19:46:47,24.6536,-107.5411,92.71,68,88,6.02
264,Roseburg,US,2022-09-12 19:46:47,43.2165,-123.3417,66.31,72,100,5.75
265,Stokmarknes,NO,2022-09-12 19:46:47,68.5646,14.9108,49.96,87,100,6.91
266,Mar Del Plata,AR,2022-09-12 19:46:41,-38.0023,-57.5575,59.02,86,0,11.99
267,Teknaf,BD,2022-09-12 19:46:48,20.8624,92.3058,76.14,93,100,0.89
268,Kolochava,UA,2022-09-12 19:46:48,48.4285,23.6959,49.51,92,99,2.57
269,Manoharpur,IN,2022-09-12 19:46:48,27.3,75.95,79.41,74,16,5.86
270,Awbari,LY,2022-09-12 19:46:49,26.5921,12.7805,86.41,19,1,5.01
271,Geraldton,AU,2022-09-12 19:46:49,-28.7667,114.6,63.01,77,75,14.97
272,La Ronge,CA,2022-09-12 19:46:49,55.1001,-105.2842,62.82,38,75,11.5
273,Yulara,AU,2022-09-12 19:47:50,-25.2406,130.9889,58.77,62,0,10.04
274,Prainha,BR,2022-09-12 19:47:50,-1.8,-53.48,91.27,43,40,1.86
275,Abnub,EG,2022-09-12 19:47:50,27.2696,31.1511,84.42,33,0,6.82
276,Khuzdar,PK,2022-09-12 19:44:29,27.7384,66.6434,74.91,56,87,3.78
277,Pandamatenga,BW,2022-09-12 19:47:51,-18.5278,25.627,72.07,17,0,4.18
278,Faya,SA,2022-09-12 19:47:51,18.3851,42.4509,75.31,25,79,8.52
279,Burnie,AU,2022-09-12 19:47:51,-41.0667,145.9167,33.94,80,4,5.77
280,Beringovskiy,RU,2022-09-12 19:47:52,63.05,179.3167,44.65,65,30,19.3
281,Barcelos,PT,2022-09-12 19:47:52,41.5388,-8.6151,71.85,87,100,9.42
282,Algiers,DZ,2022-09-12 19:47:52,36.7525,3.042,84.02,54,0,3.44
283,Port-Gentil,GA,2022-09-12 19:47:53,-0.7193,8.7815,75.79,83,41,14.16
284,Talcahuano,CL,2022-09-12 19:45:16,-36.7167,-73.1167,56.88,54,75,9.22
285,Faro,PT,2022-09-12 19:45:29,37.0194,-7.9322,69.19,100,75,14.97
286,Pangnirtung,CA,2022-09-12 19:47:53,66.1451,-65.7125,50.0,81,75,3.44
287,Svetlaya,RU,2022-09-12 19:47:54,46.5389,138.3297,59.43,82,8,5.3
288,San Patricio,US,2022-09-12 19:47:54,28.017,-97.5169,93.15,41,14,5.1
289,Jizan,SA,2022-09-12 19:47:54,17.3333,42.6667,90.54,59,10,5.03
290,Opuwo,NA,2022-09-12 19:47:55,-18.0607,13.84,71.85,18,1,3.67
291,Springfield,US,2022-09-12 19:46:18,37.2153,-93.2982,82.11,39,0,12.66
292,Soe,ID,2022-09-12 19:47:55,-9.8607,124.284,61.77,87,52,4.21
293,Gazli,UZ,2022-09-12 19:47:55,40.1333,63.45,64.11,30,0,13.11
294,Vaasa,FI,2022-09-12 19:47:56,63.096,21.6158,54.95,87,0,8.05
295,Salinas,US,2022-09-12 19:47:56,36.6777,-121.6555,92.01,68,0,13.8
296,Cap Malheureux,MU,2022-09-12 19:47:56,-19.9842,57.6142,70.47,69,40,5.99
297,Savannakhet,LA,2022-09-12 19:47:57,16.566,104.751,75.42,83,3,1.97
298,Merauke,ID,2022-09-12 19:47:57,-8.4667,140.3333,77.43,89,100,11.48
299,Labuhan,ID,2022-09-12 19:47:57,-6.8844,112.2051,76.73,86,44,7.76
300,Nortelandia,BR,2022-09-12 19:47:58,-14.4547,-56.8028,103.3,12,38,3.8
301,Sinaia,RO,2022-09-12 19:47:58,45.35,25.55,52.83,80,8,6.11
302,Kardla,EE,2022-09-12 19:47:58,58.9978,22.7492,50.41,78,99,5.53
303,Sitka,US,2022-09-12 19:47:58,57.0531,-135.33,60.69,55,75,10.36
304,Ha Giang,VN,2022-09-12 19:47:59,22.8333,104.9833,74.62,97,100,1.36
305,Xacmaz,AZ,2022-09-12 19:47:59,41.4635,48.806,69.91,67,0,7.74
306,Inuvik,CA,2022-09-12 19:47:59,68.3499,-133.7218,50.76,74,20,2.3
307,Upernavik,GL,2022-09-12 19:48:00,72.7868,-56.1549,40.32,98,100,2.13
308,Usinsk,RU,2022-09-12 19:48:00,65.9939,57.5281,44.53,93,100,13.31
309,Rio Tercero,AR,2022-09-12 19:48:00,-32.173,-64.1141,77.45,14,0,9.84
310,Indramayu,ID,2022-09-12 19:48:01,-6.3264,108.32,79.03,81,40,5.64
311,Gamba,GA,2022-09-12 19:48:01,-2.65,10.0,74.46,83,5,7.78
312,Ilulissat,GL,2022-09-12 19:48:01,69.2167,-51.1,46.42,81,100,12.66
313,Brockville,CA,2022-09-12 19:48:02,44.5834,-75.6826,79.14,72,93,4.0
314,Languyan,PH,2022-09-12 19:48:02,5.2618,120.0807,77.49,87,4,1.36
315,Kampot,KH,2022-09-12 19:48:02,10.6167,104.1833,78.85,86,100,4.65
316,Mysliborz,PL,2022-09-12 19:48:03,52.9238,14.8679,58.86,64,100,4.16
317,Ginir,ET,2022-09-12 19:48:03,7.1333,40.7,63.32,69,100,5.41
318,Kamenka,RU,2022-09-12 19:48:03,51.3223,42.7678,51.35,72,100,15.01
319,Ingham,US,2022-09-12 19:49:04,42.6,-84.3833,65.91,66,75,3.44
320,Shingu,JP,2022-09-12 19:49:04,33.7333,135.9833,77.68,92,100,10.56
321,Hasaki,JP,2022-09-12 19:45:30,35.7333,140.8333,70.29,92,99,11.27
322,Tautira,PF,2022-09-12 19:49:05,-17.7333,-149.15,78.4,73,71,20.89
323,Pisco,PE,2022-09-12 19:46:54,-13.7,-76.2167,66.02,72,0,10.36
324,Fukue,JP,2022-09-12 19:49:05,32.6881,128.8419,79.81,82,100,13.76
325,Chapais,CA,2022-09-12 19:49:06,49.7834,-74.8492,62.38,53,100,3.91
326,Sao Miguel Do Guama,BR,2022-09-12 19:49:06,-1.6267,-47.4833,86.43,58,74,9.33
327,Bela,IN,2022-09-12 19:49:06,25.9333,81.9833,76.42,95,97,15.59
328,Nadym,RU,2022-09-12 19:49:07,65.5333,72.5167,46.71,75,100,14.97
329,Tyup,KG,2022-09-12 19:49:07,42.7276,78.3648,48.96,72,100,6.13
330,Kars,TR,2022-09-12 19:49:07,40.602,43.095,55.85,58,0,6.91
331,Karratha,AU,2022-09-12 19:48:38,-20.7377,116.8463,68.83,71,2,7.85
332,Coffs Harbour,AU,2022-09-12 19:49:08,-30.3,153.1333,53.56,87,3,5.75
333,Naze,JP,2022-09-12 19:49:08,28.3667,129.4833,81.52,86,100,16.04
334,Cocorit,MX,2022-09-12 19:49:09,27.5833,-109.9667,94.01,51,4,3.44
335,Castro,BR,2022-09-12 19:49:09,-24.7911,-50.0119,61.16,94,100,4.36
336,Salatig,RO,2022-09-12 19:49:09,47.3667,23.1333,58.23,74,32,3.62
337,Yantai,CN,2022-09-12 19:49:10,37.5333,121.4,67.53,83,8,1.12
338,Belmonte,BR,2022-09-12 19:49:10,-15.8631,-38.8828,74.08,67,2,7.25
339,Saldanha,ZA,2022-09-12 19:49:10,-33.0117,17.9442,51.85,74,0,20.36
340,Bassar,TG,2022-09-12 19:49:11,9.25,0.7833,68.94,99,100,2.01
341,Cotonou,BJ,2022-09-12 19:44:28,6.3654,2.4183,76.98,88,40,10.36
342,Krasnogvardeyskiy,RU,2022-09-12 19:49:11,57.3793,62.3195,41.4,84,43,3.89
343,Salalah,OM,2022-09-12 19:49:11,17.0151,54.0924,80.69,94,40,3.44
344,Denpasar,ID,2022-09-12 19:44:38,-8.65,115.2167,78.46,94,20,9.22
345,Zurrieq,MT,2022-09-12 19:49:12,35.8311,14.4742,79.97,69,0,4.61
346,Clyde River,CA,2022-09-12 19:49:12,70.4692,-68.5914,41.23,93,100,8.05
347,Hambantota,LK,2022-09-12 19:49:13,6.1241,81.1185,78.3,83,74,14.45
348,Enshi,CN,2022-09-12 19:44:57,30.3,109.4833,65.07,96,23,0.96
349,Horsham,GB,2022-09-12 19:49:13,51.064,-0.3272,71.02,77,0,1.14
350,Unai,BR,2022-09-12 19:49:14,-16.3575,-46.9061,93.72,15,72,4.65
351,Alugan,PH,2022-09-12 19:49:14,12.2188,125.4808,77.68,90,100,4.81
352,Bantayan,PH,2022-09-12 19:49:14,11.2,123.7333,83.03,74,100,7.52
353,Mehamn,NO,2022-09-12 19:49:15,71.0357,27.8492,39.11,93,40,8.05
354,Erenhot,CN,2022-09-12 19:49:15,43.6475,111.9767,63.07,35,0,11.07
355,Kudahuvadhoo,MV,2022-09-12 19:49:16,2.6708,72.8944,81.86,73,17,9.1
356,Nema,RU,2022-09-12 19:49:16,57.5067,50.5011,47.91,78,100,0.94
357,Iquitos,PE,2022-09-12 19:49:16,-3.7481,-73.2472,93.24,55,40,5.75
358,Lloydminster,CA,2022-09-12 19:45:17,53.2835,-110.0016,64.62,39,75,10.36
359,Banda Aceh,ID,2022-09-12 19:49:17,5.5577,95.3222,78.64,80,88,5.37
360,Strezhevoy,RU,2022-09-12 19:49:17,60.7333,77.5889,44.2,73,100,6.93
361,Tortoli,IT,2022-09-12 19:49:17,39.9256,9.6572,78.62,73,75,5.75
362,Half Moon Bay,US,2022-09-12 19:47:44,37.4636,-122.4286,88.54,75,40,17.27
363,Beyneu,KZ,2022-09-12 19:49:18,45.3167,55.2,62.46,48,0,18.9
364,Pundaguitan,PH,2022-09-12 19:49:18,6.3711,126.1689,83.3,75,19,11.81
365,Rockport,US,2022-09-12 19:49:19,28.0206,-97.0544,92.07,65,0,5.75
366,Mala,PE,2022-09-12 19:49:19,-12.6581,-76.6308,64.87,71,59,10.02
367,Forbes,AU,2022-09-12 19:50:19,-33.3833,148.0167,38.84,92,6,5.14
368,Khatanga,RU,2022-09-12 19:50:20,71.9667,102.5,32.14,78,95,6.87
369,Staryy Krym,UA,2022-09-12 19:50:20,45.0333,35.1,58.42,84,70,6.91
370,Madimba,TZ,2022-09-12 19:50:20,-10.4,40.3333,71.62,85,7,4.94
371,Pacifica,US,2022-09-12 19:49:29,37.6138,-122.4869,83.23,85,75,17.27
372,Antalaha,MG,2022-09-12 19:50:21,-14.9003,50.2788,65.7,89,26,6.04
373,Cerritos,US,2022-09-12 19:50:21,33.8583,-118.0648,91.89,64,75,12.66
374,Zarate,AR,2022-09-12 19:50:22,-34.0981,-59.0286,70.83,34,0,5.99
375,Maragogi,BR,2022-09-12 19:47:28,-9.0122,-35.2225,74.86,80,19,9.42
376,Caravelas,BR,2022-09-12 19:50:22,-17.7125,-39.2481,74.19,63,0,6.38
377,Makakilo City,US,2022-09-12 19:50:22,21.3469,-158.0858,82.0,71,100,8.05
378,Sabya,SA,2022-09-12 19:47:58,17.1495,42.6254,91.02,62,12,4.81
379,Bahia Honda,CU,2022-09-12 19:50:23,22.9036,-83.1592,84.76,74,36,6.91
380,Tosya,TR,2022-09-12 19:50:23,41.0155,34.0401,58.32,84,59,4.21
381,Middelburg,ZA,2022-09-12 19:50:24,-25.7751,29.4648,56.77,72,11,18.34
382,Sao Miguel Do Araguaia,BR,2022-09-12 19:50:24,-13.275,-50.1628,100.45,12,21,10.09
383,Qujing,CN,2022-09-12 19:50:24,25.4833,103.7833,58.87,97,100,0.45
384,Flinders,AU,2022-09-12 19:50:25,-34.5833,150.8552,52.18,86,100,5.99
385,Muli,MV,2022-09-12 19:50:25,2.9167,73.5667,81.57,74,25,9.48
386,Natal,BR,2022-09-12 19:50:25,-5.795,-35.2094,84.42,61,20,20.71
387,Royan,FR,2022-09-12 19:50:26,45.6285,-1.0281,78.82,63,99,8.32
388,High Prairie,CA,2022-09-12 19:50:26,55.4334,-116.4858,63.66,27,95,9.86
389,La Baule-Escoublac,FR,2022-09-12 19:50:26,47.2922,-2.364,73.71,73,0,3.44
390,Melfi,IT,2022-09-12 19:50:27,40.9965,15.6514,63.55,55,0,2.37
391,Ust-Kuyga,RU,2022-09-12 19:50:27,70.0167,135.6,29.53,82,70,3.78
392,Chegdomyn,RU,2022-09-12 19:50:27,51.1167,133.0167,43.0,95,100,6.22
393,Sergeyevka,KZ,2022-09-12 19:50:28,53.88,67.4158,44.71,67,22,4.27
394,Hay River,CA,2022-09-12 19:50:28,60.8156,-115.7999,57.18,51,40,4.61
395,Ikwiriri,TZ,2022-09-12 19:50:28,-7.9562,38.9716,68.36,90,46,3.53
396,Touros,BR,2022-09-12 19:50:29,-5.1989,-35.4608,77.74,71,24,16.51
397,Mao,ES,2022-09-12 19:50:29,39.8885,4.2658,79.36,83,0,10.36
398,Palu,ID,2022-09-12 19:50:29,-0.8917,119.8707,74.26,95,81,3.4
399,Karabulak,RU,2022-09-12 19:50:30,43.3036,44.8964,61.79,74,0,3.18
400,Pimentel,PE,2022-09-12 19:50:30,-6.8367,-79.9342,70.09,60,0,18.41
401,Tamandare,BR,2022-09-12 19:50:30,-8.7597,-35.1047,75.79,77,10,9.1
402,Kindu,CD,2022-09-12 19:50:31,-2.95,25.95,74.7,83,100,1.48
403,Anadyr,RU,2022-09-12 19:50:31,64.75,177.4833,36.1,93,40,8.95
404,Grand Baie,MU,2022-09-12 19:49:06,-20.0182,57.5802,70.45,69,38,5.99
405,Makinsk,KZ,2022-09-12 19:50:32,52.6292,70.4169,42.26,75,51,1.48
406,Moranbah,AU,2022-09-12 19:50:32,-22.0016,148.0466,59.99,72,0,7.72
407,Ballyshannon,IE,2022-09-12 19:50:32,54.5,-8.1833,57.06,81,44,6.46
408,Kathu,TH,2022-09-12 19:50:33,7.9178,98.3332,83.75,84,100,12.57
409,Leticia,CO,2022-09-12 19:50:33,-4.2153,-69.9406,91.45,58,40,6.91
410,Amalapuram,IN,2022-09-12 19:50:33,16.5833,82.0167,80.38,79,98,8.5
411,Chebenki,RU,2022-09-12 19:50:34,51.9337,55.7077,47.95,65,100,4.83
412,Moindou,NC,2022-09-12 19:50:34,-21.6924,165.677,74.05,85,100,5.23
413,Witbank,ZA,2022-09-12 19:50:35,-25.8713,29.2332,54.99,72,40,18.52
414,Avera,US,2022-09-12 19:51:35,33.194,-82.5271,87.31,50,55,9.28
415,Ahipara,NZ,2022-09-12 19:51:35,-35.1667,173.1667,58.62,79,31,10.49
416,Dingle,PH,2022-09-12 19:51:36,10.9995,122.6711,74.71,90,87,2.93
417,Byron Bay,AU,2022-09-12 19:51:36,-28.65,153.6167,56.95,88,18,12.12
418,Longjiang,CN,2022-09-12 19:51:36,47.3303,123.1836,49.06,77,10,4.07
419,Pangkalanbuun,ID,2022-09-12 19:51:37,-2.6833,111.6167,73.87,96,99,1.14
420,Senekal,ZA,2022-09-12 19:51:37,-28.3197,27.6208,50.41,77,100,14.14
421,Bijeljina,BA,2022-09-12 19:51:37,44.7569,19.2161,62.8,57,99,5.55
422,Belaya Gora,RU,2022-09-12 19:51:38,68.5333,146.4167,35.58,97,89,6.96
423,Krasnokholm,RU,2022-09-12 19:51:38,51.5979,54.1567,51.31,60,100,6.38
424,Margate,GB,2022-09-12 19:51:38,51.3813,1.3862,69.69,86,100,1.01
425,Knoxville,US,2022-09-12 19:51:34,35.9606,-83.9207,78.51,56,40,10.36
426,Berlevag,NO,2022-09-12 19:51:39,70.8578,29.0864,40.8,87,75,6.91
427,Zhigansk,RU,2022-09-12 19:51:39,66.7697,123.3711,40.08,97,100,15.03
428,Vradiyivka,UA,2022-09-12 19:51:39,47.862,30.5919,53.02,78,86,10.89
429,Mangai,CD,2022-09-12 19:51:40,-4.05,19.5333,73.42,78,11,0.49
430,Abu Samrah,SY,2022-09-12 19:51:40,35.3029,37.1841,74.86,57,0,9.8
431,Sopot,PL,2022-09-12 19:51:40,54.4418,18.56,53.1,96,0,1.14
432,Champerico,GT,2022-09-12 19:51:41,14.3,-91.9167,91.94,74,100,7.96
433,Tabou,CI,2022-09-12 19:51:41,4.423,-7.3528,74.91,84,47,8.61
434,Tuatapere,NZ,2022-09-12 19:51:41,-46.1333,167.6833,40.53,93,100,4.21
435,Sturgis,US,2022-09-12 19:47:57,41.7992,-85.4192,63.3,88,100,10.36
436,Emerald,AU,2022-09-12 19:51:42,-23.5333,148.1667,55.35,82,0,9.78
437,Khoy,IR,2022-09-12 19:51:42,38.5504,44.9535,70.68,34,0,0.36
438,Dalvik,IS,2022-09-12 19:51:42,65.9702,-18.5286,55.33,71,83,2.59
439,Lagos,NG,2022-09-12 19:51:43,6.5833,3.75,77.32,94,100,7.56
440,Lardos,GR,2022-09-12 19:51:43,36.0942,28.0157,79.95,74,0,14.83
441,Najran,SA,2022-09-12 19:51:43,17.4924,44.1277,86.65,20,7,3.51
442,Nizwa,OM,2022-09-12 19:51:43,22.9333,57.5333,86.68,41,17,3.71
443,Mundra,IN,2022-09-12 19:51:44,22.85,69.7333,83.73,78,100,12.95
444,Esperance,AU,2022-09-12 19:46:52,-33.8667,121.9,61.48,60,28,13.51
445,Yangjiang,CN,2022-09-12 19:51:44,21.85,111.9667,77.45,79,18,3.69
446,Lagoa,PT,2022-09-12 19:50:41,39.05,-27.9833,71.37,81,65,8.46
447,Kloulklubed,PW,2022-09-12 19:51:45,7.0419,134.2556,82.71,74,100,6.08
448,Moron,AR,2022-09-12 19:51:45,-34.6534,-58.6198,70.81,43,2,6.67
449,Brazzaville,CG,2022-09-12 19:51:46,-4.2658,15.2832,84.87,44,66,2.68
450,Clearwater,US,2022-09-12 19:51:41,27.9659,-82.8001,91.98,73,75,13.8
451,Dharchula,IN,2022-09-12 19:51:46,29.85,80.5333,67.82,86,45,2.55
452,Shimanovsk,RU,2022-09-12 19:51:46,52.0,127.7,42.37,92,20,3.18
453,Kokkola,FI,2022-09-12 19:51:47,63.8385,23.1307,51.93,91,0,5.75
454,Quelimane,MZ,2022-09-12 19:51:47,-17.8786,36.8883,73.35,88,0,5.75
455,Aberdeen,GB,2022-09-12 19:51:47,57.1437,-2.0981,55.89,69,2,10.36
456,Broken Hill,AU,2022-09-12 19:51:48,-31.95,141.4333,47.91,81,1,10.29
457,Maldonado,UY,2022-09-12 19:51:48,-34.6667,-54.9167,60.19,83,100,7.54
458,Mizan Teferi,ET,2022-09-12 19:51:48,6.9833,35.5833,61.43,95,100,1.95
459,Otacilio Costa,BR,2022-09-12 19:51:49,-27.4831,-50.1219,50.74,99,100,3.91
460,Shimoda,JP,2022-09-12 19:51:49,34.6667,138.95,76.35,90,100,13.71
461,Taybad,IR,2022-09-12 19:52:49,34.74,60.7756,61.2,18,0,12.53
462,Freeport,US,2022-09-12 19:49:09,40.6576,-73.5832,84.15,69,40,11.5
463,Javanrud,IR,2022-09-12 19:52:50,34.7961,46.5172,71.28,18,0,4.92
464,Tahta,EG,2022-09-12 19:52:50,26.7693,31.5021,86.85,31,0,6.53
465,Sundargarh,IN,2022-09-12 19:52:50,22.1167,84.0333,75.78,93,100,6.22
466,Ejido,VE,2022-09-12 19:52:51,8.5514,-71.2375,74.5,85,99,3.89
467,Mount Gambier,AU,2022-09-12 19:52:51,-37.8333,140.7667,35.82,88,42,3.96
468,Dodge City,US,2022-09-12 19:52:51,37.7528,-100.0171,85.24,39,0,7.0
469,Rocha,UY,2022-09-12 19:52:25,-34.4833,-54.3333,56.77,80,99,7.11
470,Khandbari,NP,2022-09-12 19:52:52,27.3747,87.2039,69.84,96,100,0.85
471,Diamantino,BR,2022-09-12 19:52:52,-14.4086,-56.4461,102.36,11,43,3.76
472,Sarkand,KZ,2022-09-12 19:52:52,45.41,79.9186,51.49,48,59,4.07
473,Pochutla,MX,2022-09-12 19:52:53,15.7432,-96.4661,82.81,80,94,4.65
474,Lavrentiya,RU,2022-09-12 19:52:53,65.5833,-171.0,44.22,99,100,5.91
475,Norsup,VU,2022-09-12 19:52:53,-16.0667,167.3833,78.8,69,47,10.54
476,Birao,CF,2022-09-12 19:52:53,10.2849,22.7882,68.63,97,87,2.59
477,Goodlettsville,US,2022-09-12 19:52:54,36.3231,-86.7133,79.16,35,0,4.25
478,Faanui,PF,2022-09-12 19:52:54,-16.4833,-151.75,77.22,78,56,18.16
479,Pevek,RU,2022-09-12 19:52:54,69.7008,170.3133,34.48,95,98,7.7
480,Kashi,CN,2022-09-12 19:52:55,39.4547,75.9797,76.21,20,16,22.37
481,Nuuk,GL,2022-09-12 19:50:29,64.1835,-51.7216,43.88,93,100,11.01
482,Williston,US,2022-09-12 19:50:02,48.147,-103.618,84.94,12,90,11.23
483,Beidao,CN,2022-09-12 19:52:55,34.5686,105.8933,63.7,79,100,3.18
484,Presidente Franco,PY,2022-09-12 19:52:56,-25.5333,-54.6167,68.76,88,100,3.44
485,Kenai,US,2022-09-12 19:52:56,60.5544,-151.2583,52.14,95,100,5.75
486,San Cristobal,VE,2022-09-12 19:51:37,7.7669,-72.225,80.78,48,68,2.82
487,Rawson,AR,2022-09-12 19:48:44,-43.3002,-65.1023,49.55,62,11,15.55
488,Hoquiam,US,2022-09-12 19:52:56,46.9809,-123.8893,73.36,65,75,0.0
489,Mogok,MM,2022-09-12 19:52:57,22.9167,96.5,65.44,99,100,2.33
490,Nador,MA,2022-09-12 19:49:19,35.174,-2.9287,82.47,78,0,8.05
491,Okha,RU,2022-09-12 19:52:57,53.5739,142.9478,45.52,90,100,17.78
492,Kota Belud,MY,2022-09-12 19:52:57,6.351,116.4305,76.15,87,23,3.87
493,Kruisfontein,ZA,2022-09-12 19:52:58,-34.0033,24.7314,49.89,74,0,10.2
494,Oranjemund,NA,2022-09-12 19:52:58,-28.55,16.4333,54.46,81,0,19.15
495,Surt,LY,2022-09-12 19:52:58,31.2089,16.5887,81.01,68,0,7.52
496,Axim,GH,2022-09-12 19:52:59,4.8699,-2.2405,74.26,87,100,7.38
497,Tuy Hoa,VN,2022-09-12 19:52:59,13.0833,109.3,77.36,88,100,4.03
498,Paragominas,BR,2022-09-12 19:52:39,-2.9667,-47.4833,92.28,34,100,4.52
499,Ilebo,CD,2022-09-12 19:53:00,-4.3167,20.5833,73.33,77,24,0.69
500,Darhan,MN,2022-09-12 19:53:00,49.4867,105.9228,64.09,51,100,8.34
501,Placido De Castro,BR,2022-09-12 19:53:00,-10.3353,-67.1856,96.26,32,83,5.01
502,Grindavik,IS,2022-09-12 19:53:00,63.8424,-22.4338,49.95,87,100,14.97
503,Pointe Michel,DM,2022-09-12 19:53:01,15.25,-61.3833,94.14,55,20,2.3
504,Grand Gaube,MU,2022-09-12 19:53:01,-20.0064,57.6608,70.38,69,36,5.99
505,Paysandu,UY,2022-09-12 19:52:41,-32.3214,-58.0756,66.87,53,0,6.46
506,Waddan,LY,2022-09-12 19:53:02,29.1614,16.139,86.2,35,0,13.53
507,Pierre,US,2022-09-12 19:54:02,44.3683,-100.351,84.85,28,2,8.99
508,Plymouth,US,2022-09-12 19:49:07,41.8334,-70.8328,75.22,86,100,3.44
509,Maumere,ID,2022-09-12 19:54:03,-8.6199,122.2111,78.76,80,58,6.76
510,Suntar,RU,2022-09-12 19:54:03,62.1444,117.6319,43.72,80,100,4.56
511,Saint-Francois,FR,2022-09-12 19:54:03,46.4154,3.9054,71.04,60,0,1.14
512,Celestun,MX,2022-09-12 19:54:04,20.8667,-90.4,84.06,73,99,10.6
513,Vardo,NO,2022-09-12 19:54:04,70.3705,31.1107,40.98,93,75,2.3
514,Ambon,ID,2022-09-12 19:54:04,-3.6954,128.1814,78.24,15,40,4.61
515,La Union,PE,2022-09-12 19:54:05,-5.4,-80.75,81.73,40,61,17.13
516,Kichera,RU,2022-09-12 19:54:06,55.9375,110.0997,53.11,72,100,5.79
517,Panyutyne,UA,2022-09-12 19:54:06,48.9333,36.2833,59.65,83,100,8.34
518,Vuktyl,RU,2022-09-12 19:54:06,63.8567,57.3094,44.56,88,100,7.74
519,Batagay-Alyta,RU,2022-09-12 19:54:07,67.8006,130.4114,31.03,77,100,3.51
520,Fare,PF,2022-09-12 19:54:07,-16.7,-151.0167,78.39,76,65,21.05
521,Boysun,UZ,2022-09-12 19:54:08,38.2061,67.1986,58.6,32,0,4.12
522,Chake Chake,TZ,2022-09-12 19:54:08,-5.2459,39.7666,73.87,82,73,11.65
523,Batemans Bay,AU,2022-09-12 19:50:36,-35.7167,150.1833,50.09,82,100,7.72
524,Garden City,US,2022-09-12 19:54:08,42.3256,-83.331,68.14,63,73,4.0
525,Topeka,US,2022-09-12 19:54:09,39.0483,-95.678,85.42,38,0,3.0
526,Saskylakh,RU,2022-09-12 19:50:43,71.9167,114.0833,34.0,97,93,6.55
527,Tezu,IN,2022-09-12 19:54:09,27.9167,96.1667,72.9,98,72,2.86
528,Bengkulu,ID,2022-09-12 19:54:10,-3.8004,102.2655,75.13,90,100,3.18
529,Bourail,NC,2022-09-12 19:54:10,-21.5667,165.4833,72.52,89,100,4.65
530,Norman Wells,CA,2022-09-12 19:54:10,65.282,-126.8329,53.64,62,75,5.75
531,Xuddur,SO,2022-09-12 19:54:11,4.1213,43.8894,74.43,64,94,20.07
532,Diego De Almagro,CL,2022-09-12 19:54:11,-26.3667,-70.05,68.04,17,0,10.07
533,Marawi,PH,2022-09-12 19:54:12,7.9986,124.2928,68.47,91,40,3.94
534,Malgrat De Mar,ES,2022-09-12 19:54:12,41.6466,2.7414,81.34,88,36,0.56
535,Tubuala,PA,2022-09-12 19:54:12,9.5167,-79.0333,82.11,77,73,1.41
536,Kallaste,EE,2022-09-12 19:54:13,58.655,27.1592,47.28,79,100,8.23
537,Gravdal,NO,2022-09-12 19:54:13,68.1214,13.5031,48.09,93,75,3.44
538,Carutapera,BR,2022-09-12 19:54:14,-1.195,-46.02,80.91,78,91,8.3
539,Bansdih,IN,2022-09-12 19:54:14,25.8833,84.2167,77.65,88,100,12.73
540,Yelanskiy,RU,2022-09-12 19:54:14,56.8419,62.5014,41.38,88,36,3.38
541,Vestmannaeyjar,IS,2022-09-12 19:54:15,63.4427,-20.2734,50.43,83,100,11.41
542,Rixheim,FR,2022-09-12 19:54:15,47.7514,7.4009,68.45,77,41,0.83
543,Wuzhou,CN,2022-09-12 19:54:15,23.4833,111.3167,73.54,81,16,1.5
544,Coihaique,CL,2022-09-12 19:54:16,-45.5752,-72.0662,43.9,92,100,1.77
545,Deputatskiy,RU,2022-09-12 19:54:16,69.3,139.9,24.85,89,17,2.75
546,Moroto,UG,2022-09-12 19:54:17,2.5345,34.6666,73.11,60,94,0.83
547,Buala,SB,2022-09-12 19:54:17,-8.145,159.5921,79.21,78,34,4.32
548,Kathmandu,NP,2022-09-12 19:53:14,27.7167,85.3167,70.02,88,75,3.44
549,Strani,CZ,2022-09-12 19:54:17,48.9022,17.7067,52.11,100,32,3.29
550,Sangareddi,IN,2022-09-12 19:54:18,17.6294,78.0917,72.66,92,100,15.57
551,Aykhal,RU,2022-09-12 19:54:18,66.0,111.5,30.25,96,100,2.24
552,Nome,US,2022-09-12 19:54:18,64.5011,-165.4064,51.17,95,100,8.25
553,Husavik,IS,2022-09-12 19:55:19,66.0449,-17.3389,49.5,78,42,7.23
554,Viedma,AR,2022-09-12 19:55:19,-40.8135,-62.9967,57.78,48,1,13.56
555,Daru,PG,2022-09-12 19:55:19,-9.0763,143.2092,77.99,88,100,14.47
556,Sobolevo,RU,2022-09-12 19:55:20,54.4299,31.8996,49.55,85,97,10.18
557,Gunjur,GM,2022-09-12 19:55:20,13.2019,-16.7339,80.94,82,100,13.09
558,Asfi,MA,2022-09-12 19:55:20,32.2994,-9.2372,70.77,89,100,14.88
559,Ucluelet,CA,2022-09-12 19:55:21,48.9329,-125.5528,65.08,78,59,7.25
560,Los Banos,PH,2022-09-12 19:55:21,14.1667,121.1833,79.29,91,100,5.28
561,Kasongo-Lunda,CD,2022-09-12 19:55:22,-6.4667,16.8167,78.46,67,37,2.98
562,Kaeo,NZ,2022-09-12 19:55:22,-35.1,173.7833,51.33,95,84,7.45
563,Sao Jose De Piranhas,BR,2022-09-12 19:55:22,-7.1206,-38.5019,92.12,23,22,4.45
564,Bend,US,2022-09-12 19:51:54,44.0582,-121.3153,77.36,37,0,1.99
565,Constitucion,CL,2022-09-12 19:55:23,-35.3333,-72.4167,54.93,69,100,5.19
566,Sao Mateus,BR,2022-09-12 19:52:47,-18.7161,-39.8589,74.43,72,54,5.17
567,Segezha,RU,2022-09-12 19:55:23,63.7415,34.3222,52.03,70,100,11.03
568,Yola,NG,2022-09-12 19:55:24,9.2,12.4833,76.87,84,100,4.61
569,Pocone,BR,2022-09-12 19:55:24,-16.2567,-56.6228,102.42,13,10,2.66
570,Saint Anthony,US,2022-09-12 19:55:24,45.0205,-93.218,78.35,40,0,9.22
571,Rudbar,AF,2022-09-12 19:55:25,30.15,62.6,76.1,17,9,13.35
572,Luanda,AO,2022-09-12 19:55:25,-8.8368,13.2343,71.6,88,5,4.61
573,San Ignacio,BZ,2022-09-12 19:55:25,17.1561,-89.0714,87.44,66,100,5.68
574,Slonim,BY,2022-09-12 19:55:26,53.0867,25.3219,50.22,97,100,6.11
575,Palmer,US,2022-09-12 19:55:26,42.1584,-72.3287,79.63,71,75,3.44
576,Saumur,FR,2022-09-12 19:55:26,47.3333,-0.25,80.83,50,100,2.93
577,Klaksvik,FO,2022-09-12 19:52:04,62.2266,-6.589,50.92,94,99,18.97
578,Khash,IR,2022-09-12 19:55:27,28.2211,61.2158,72.43,22,1,3.62
579,Manta,EC,2022-09-12 19:55:27,-0.95,-80.7333,78.58,73,20,14.97
580,Concordia,AR,2022-09-12 19:51:28,-31.393,-58.0209,66.78,39,0,11.01
581,Meulaboh,ID,2022-09-12 19:55:27,4.1363,96.1285,75.56,92,98,4.92
582,Buraydah,SA,2022-09-12 19:55:28,26.326,43.975,93.65,9,0,7.72
583,Santiago,CL,2022-09-12 19:53:28,-33.4569,-70.6483,65.28,47,0,6.91
584,Ketchikan,US,2022-09-12 19:55:28,55.3422,-131.6461,55.38,62,22,2.73
585,Sainte-Rose,GP,2022-09-12 19:55:28,16.3324,-61.6979,87.84,66,75,8.05
586,Ukiah,US,2022-09-12 19:52:39,39.1502,-123.2078,86.52,35,0,7.0
587,Plouzane,FR,2022-09-12 19:55:29,48.3833,-4.6167,73.72,75,0,12.66
588,Encantado,BR,2022-09-12 19:55:29,-29.2361,-51.8697,70.61,81,57,2.68
